{
    "naive": {
        "mae": 50.670761868054214,
        "rmse": 85.37428326914781,
        "r2": 0.3157125814735713,
        "mae_per_horizon": [
            11.71266139911351,
            19.446136057043745,
            25.592214299479668,
            30.762189246482944,
            35.23858161495471,
            39.24513393717479,
            42.76854885334361,
            45.698400462516865,
            48.33956446328772,
            50.47754866062825,
            52.42204663711698,
            54.02890730391212,
            55.6879938331085,
            57.28001541722875,
            58.73405280400848,
            60.1811524378493,
            61.70186933898632,
            63.0666795143573,
            64.24725380612834,
            65.44999036423204,
            66.71362497591058,
            67.98959337059163,
            69.12834842936982,
            70.18577760647524
        ],
        "rmse_per_horizon": [
            25.160234235390703,
            38.57569213762346,
            47.8838770088063,
            55.293465395786534,
            61.721289952944005,
            67.62214774807752,
            72.79681038504022,
            77.06793348189494,
            80.71533623761141,
            83.81831152376509,
            86.60042410627325,
            88.93783841507745,
            90.99302597805449,
            92.83499184120231,
            94.52340207684631,
            96.15779052348314,
            97.70505661563088,
            99.06026263376226,
            100.27290281779344,
            101.5532559240912,
            102.9902028581176,
            104.35400672887464,
            105.56333022953626,
            106.96527948642935
        ],
        "r2_per_horizon": [
            0.9405012517001411,
            0.8601423876650851,
            0.7845215395137659,
            0.7126929003376137,
            0.6420363177740052,
            0.5703556591212614,
            0.5021399026635045,
            0.4420712578069034,
            0.3880980043072194,
            0.3402277239712099,
            0.2957715576873432,
            0.25733706749236496,
            0.2227154960668356,
            0.19104076588694596,
            0.1614663919158149,
            0.1323103225721579,
            0.10424712483993748,
            0.07929550136630015,
            0.05672946617760066,
            0.03261171209291569,
            0.005133134292298558,
            -0.02129410421972322,
            -0.04497979926298101,
            -0.07279451094485112
        ]
    },
    "seasonal_naive": {
        "mae": 70.19803912121796,
        "rmse": 106.97978515350313,
        "r2": -0.07445407244856939,
        "mae_per_horizon": [
            70.1539795721719,
            70.15879745615726,
            70.16804779340913,
            70.17537097706688,
            70.1840431682405,
            70.19117363653884,
            70.1961842358836,
            70.20119483522836,
            70.2056272884949,
            70.20851801888611,
            70.18886105222586,
            70.20447099633842,
            70.2206590865292,
            70.22528425515513,
            70.23145114665638,
            70.23125843129698,
            70.22085180188861,
            70.20871073424551,
            70.20215841202544,
            70.19714781268067,
            70.19791867411833,
            70.1988822509154,
            70.19656966660243,
            70.18577760647524
        ],
        "rmse_per_horizon": [
            106.97177338268241,
            106.97269667480278,
            106.97494497038294,
            106.97679329337731,
            106.97918471652895,
            106.98255063285485,
            106.98578224521671,
            106.98901375996746,
            106.99201732397681,
            106.99378700062636,
            106.96732795735926,
            106.97586463216092,
            106.98418716669957,
            106.98799153829168,
            106.99317909973419,
            106.99303230240842,
            106.98602902542653,
            106.97814168430399,
            106.97495668013205,
            106.97247418464988,
            106.9727119878732,
            106.97307679860869,
            106.97203911147524,
            106.96527948642935
        ],
        "r2_per_horizon": [
            -0.075515963119134,
            -0.07548546084588326,
            -0.07544794550100598,
            -0.07541945891995994,
            -0.07539384467050514,
            -0.07536790641433799,
            -0.07531263942612343,
            -0.07525055556259086,
            -0.07515852167413484,
            -0.07506163891462281,
            -0.07442429009710327,
            -0.07445991764810045,
            -0.07449148176929654,
            -0.07441805787651457,
            -0.07437023750440463,
            -0.0742527437103262,
            -0.07400985347946865,
            -0.0737703657847597,
            -0.07357732801456329,
            -0.0733891541379399,
            -0.07329511363598207,
            -0.07320216977618244,
            -0.07305573223407258,
            -0.07279451094485112
        ]
    }
}