{
    "best_alpha": 10,
    "validation_metrics": {
        "mae": 41.653577026084314,
        "rmse": 66.64560915300598,
        "r2": 0.4290027388300981,
        "mae_per_horizon": [
            10.870682514915437,
            17.447712560572334,
            22.322865010218788,
            26.301987271653715,
            29.941283652287062,
            33.02283692935122,
            35.808807697231984,
            38.23907190379518,
            40.256593886310505,
            42.038913446331804,
            43.509315930676486,
            44.99081800215689,
            46.33224923000494,
            47.613584218540105,
            48.770608420945095,
            49.78965592527186,
            50.655828417729055,
            51.437485683594716,
            52.01825081163501,
            52.58963222095289,
            53.166531535572986,
            53.6736248485763,
            54.16537049050616,
            54.72213801719277
        ],
        "rmse_per_horizon": [
            20.443188385746474,
            32.92400435352781,
            41.14783553935456,
            47.106548241954464,
            51.7569569842232,
            55.82677893466482,
            59.46529087940141,
            62.460429684059655,
            64.85863876366963,
            66.70622461720475,
            68.32787666247512,
            69.76233949752869,
            71.09151698884007,
            72.32547003706617,
            73.38189572186943,
            74.34730542935141,
            75.23986292611306,
            76.05797901613805,
            76.82870492859418,
            77.58052928047408,
            78.32450603471494,
            79.03653682741175,
            79.67440001759518,
            80.41373050911581
        ],
        "r2_per_horizon": [
            0.9469320777193672,
            0.8623378669167835,
            0.7848103114603688,
            0.7176615322863669,
            0.6585094047246015,
            0.6018000153796078,
            0.5474134411837882,
            0.49972373580566576,
            0.45973978684420014,
            0.42785464946332086,
            0.39904328720135607,
            0.372977878135065,
            0.348268966707848,
            0.32508819025882296,
            0.3050258176576225,
            0.2864421478115836,
            0.2690712392147998,
            0.2529016353897706,
            0.2372307041451719,
            0.2217328360234998,
            0.20611370903259707,
            0.1908881925205541,
            0.17724161245016423,
            0.16136406387711677
        ]
    },
    "test_metrics": {
        "mae": 46.16006880246758,
        "rmse": 71.88387960250553,
        "r2": 0.5148819545897105,
        "mae_per_horizon": [
            11.48988617843472,
            19.18281718838495,
            24.891111614317353,
            29.402493888972362,
            33.140678859480275,
            36.449078407075405,
            39.25839192035236,
            41.62359854637396,
            43.78239443310763,
            45.73538888416968,
            47.57467929877443,
            49.22199910806945,
            50.75737227548511,
            52.28451137143812,
            53.61487704177496,
            54.914448628126685,
            56.037735965395456,
            57.075166434849315,
            58.04181828876923,
            58.9380678637667,
            59.8838127177553,
            60.7802511547717,
            61.53733574665209,
            62.22373544292563
        ],
        "rmse_per_horizon": [
            23.498142962599683,
            35.49086182850773,
            43.62778594179918,
            49.67274022591703,
            54.561918864668776,
            59.03616764638225,
            62.78881849181024,
            65.86517910691242,
            68.46789383994283,
            70.75131691611519,
            72.83481265472803,
            74.67611669133761,
            76.33176363096176,
            77.82485221694984,
            79.18041215821528,
            80.4712398702923,
            81.67099238662054,
            82.74416224530232,
            83.686379640951,
            84.61425414426616,
            85.57670005612776,
            86.52034979525881,
            87.3291079122337,
            88.15254044691883
        ],
        "r2_per_horizon": [
            0.9481026057164382,
            0.8816163444046139,
            0.8211241963423453,
            0.7681351173584702,
            0.7202640714905171,
            0.6725330386216166,
            0.6296202454008764,
            0.5924855043445549,
            0.5597050682011494,
            0.5299053568993737,
            0.5018598599558215,
            0.4764211925723877,
            0.4530162961570736,
            0.43148773447716826,
            0.4115937175073814,
            0.39231731067756037,
            0.37412184325196174,
            0.35761403841493744,
            0.3429799040409941,
            0.3284162451310263,
            0.31311471804147295,
            0.2979482914792475,
            0.28484566171929393,
            0.2713809069290106
        ]
    }
}