{
    "model": "lstm",
    "params": {
        "seed": 42,
        "window_size": 48,
        "horizon": 24,
        "lstm_units": 32,
        "learning_rate": 0.0005,
        "dropout": 0.2,
        "l2_strength": 0.0,
        "epochs": 30,
        "batch_size": 32,
        "patience": 5,
        "train_size": 0.7,
        "val_size": 0.15
    },
    "validation_metrics": {
        "mae": 40.62297703555784,
        "rmse": 65.46538845394562,
        "r2": 0.44904714251482347,
        "mae_per_horizon": [
            15.49938908109379,
            20.15455771928846,
            24.025461394109346,
            27.332489152615366,
            30.59923756129912,
            33.24948595070809,
            36.22107815241671,
            37.910377510711854,
            39.39530182950734,
            40.80559323329782,
            41.98864774654357,
            43.65808063087309,
            44.81476917219061,
            45.677835481202216,
            46.721575047979464,
            47.04378127941485,
            47.61739674338625,
            48.6366156043058,
            48.90048836145495,
            49.24313533207336,
            50.38985796649232,
            50.90698832660586,
            51.652086603823,
            52.507218971994945
        ],
        "rmse_per_horizon": [
            27.977392907351913,
            37.4292958615632,
            44.20484735746546,
            49.07724738220912,
            53.166530870448234,
            56.57239350582071,
            60.28660642156663,
            62.666299069632174,
            64.42005660915892,
            66.26943850211694,
            66.96269857126815,
            68.34083492097977,
            69.52810641905857,
            70.20098550674443,
            71.44051650417029,
            72.10765815514219,
            72.7382500599764,
            73.66442764560281,
            74.07011730574494,
            74.28591514384556,
            75.30636432748624,
            75.57348508335413,
            76.4930902753213,
            77.49127006457067
        ],
        "r2_per_horizon": [
            0.9006084857952427,
            0.8220850233924027,
            0.7516482316038733,
            0.6935441744410064,
            0.6396554767688452,
            0.5910923794215637,
            0.5348251436030231,
            0.49642048292721874,
            0.467021695785253,
            0.4353228270916385,
            0.4228173931695458,
            0.3982704337866859,
            0.37661888505537977,
            0.36415550451678147,
            0.3413116400520324,
            0.32878522778059893,
            0.316867799828804,
            0.29918423828115104,
            0.2910228428033641,
            0.28643065102994436,
            0.2661178318155494,
            0.2602386542083758,
            0.24163352155185036,
            0.22121315689609722
        ]
    },
    "test_metrics": {
        "mae": 47.34153504940564,
        "rmse": 74.13493996919244,
        "r2": 0.48402305833086634,
        "mae_per_horizon": [
            17.600821235547937,
            23.834088846912085,
            28.601852805436174,
            32.71768813428219,
            36.057199451691346,
            39.406578903048974,
            42.30125698057253,
            44.623353078981474,
            45.96817061647925,
            47.992278874184635,
            48.97367356558208,
            50.81210191145548,
            51.496644170786475,
            52.16145208755378,
            53.66541996174958,
            54.40988846398613,
            55.446887569864906,
            56.03539539895138,
            56.98649457930416,
            57.83527868472673,
            58.71167975341362,
            59.36022541210081,
            60.19377749199168,
            61.00463320713187
        ],
        "rmse_per_horizon": [
            30.733977119648475,
            41.85577961863148,
            48.95451173672308,
            54.77042241305069,
            59.42901795332351,
            63.882447983458476,
            67.71054486564667,
            71.07105010601538,
            72.4035723493677,
            75.06795729201299,
            76.13274008402061,
            77.9634164656122,
            78.55017248033249,
            79.15416721573472,
            80.94121555429534,
            81.37631576361778,
            82.49738337335143,
            83.13443517036491,
            83.90738973027631,
            84.89248826074086,
            85.99515464119838,
            86.18820922987268,
            87.17034143586498,
            88.40072892687681
        ],
        "r2_per_horizon": [
            0.9112198250107088,
            0.8353470459548665,
            0.7747780587538757,
            0.7181026973387801,
            0.6681314589282852,
            0.6165627729635976,
            0.5692798049598842,
            0.5255212443264886,
            0.5076320921210793,
            0.4707931671956721,
            0.4557274331324048,
            0.4293099078900351,
            0.4207606198626831,
            0.4119005169470248,
            0.38513293711554164,
            0.3785709852302497,
            0.36139181983427804,
            0.35153996421391054,
            0.3395050300391741,
            0.32399229237966587,
            0.30638080480239627,
            0.3033281189562467,
            0.28744363450280075,
            0.26727235987149245
        ]
    }
}