{
    "model": "lstm",
    "params": {
        "seed": 42,
        "window_size": 48,
        "horizon": 24,
        "lstm_units": 64,
        "learning_rate": 0.001,
        "dropout": 0.0,
        "l2_strength": 0.0,
        "epochs": 30,
        "batch_size": 32,
        "patience": 5,
        "train_size": 0.7,
        "val_size": 0.15
    },
    "validation_metrics": {
        "mae": 40.81920995564669,
        "rmse": 65.22150522434929,
        "r2": 0.4531445099756779,
        "mae_per_horizon": [
            16.56908097368281,
            20.353249746477495,
            23.94311965431402,
            27.49513221803348,
            30.61646715041891,
            32.580243578864604,
            35.436457077664066,
            37.52373085493367,
            39.05668080861593,
            41.23425859457543,
            42.450360380588386,
            43.7507133748541,
            44.450534301357855,
            45.505115762384534,
            46.96453085587241,
            47.733018338645806,
            47.7912222746825,
            49.99881724985975,
            50.2553704861479,
            50.2955663810233,
            50.38793994383813,
            50.95718334644234,
            51.61675322669208,
            52.69549235555105
        ],
        "rmse_per_horizon": [
            28.992018417342145,
            36.625147907172774,
            43.378362984119654,
            49.185186076401294,
            52.80826637731095,
            56.10652193936694,
            59.44676379467027,
            61.8714040112661,
            63.65945181094463,
            66.1122054382907,
            67.42539374211607,
            68.50854869328742,
            68.42368317364671,
            70.21006751333242,
            71.21267181920237,
            72.1727907199481,
            72.48437490667077,
            74.79080546298883,
            74.17946436288825,
            74.694540584726,
            74.75164279225413,
            75.06330527734615,
            75.39371053610326,
            76.94430690543885
        ],
        "r2_per_horizon": [
            0.8932687178050019,
            0.8296477130588752,
            0.7608481287701,
            0.6921946766937126,
            0.6444955021768801,
            0.5977993277474818,
            0.5476954141855686,
            0.509114837119324,
            0.47953309953699563,
            0.43799919181614877,
            0.414813466581199,
            0.39531342671080694,
            0.3962658611071066,
            0.36399097356613963,
            0.34550643949841364,
            0.3275721060322371,
            0.3216280912517562,
            0.2775885115491764,
            0.2889280226002642,
            0.2785587806972639,
            0.27688985238214636,
            0.2701928700172469,
            0.26327577499346244,
            0.2321683106766147
        ]
    },
    "test_metrics": {
        "mae": 46.788665004660004,
        "rmse": 73.77355620290382,
        "r2": 0.48904123763258045,
        "mae_per_horizon": [
            18.73082216843725,
            23.71519302382511,
            28.839986254773944,
            32.8246411331792,
            35.79630819814218,
            38.8127086952524,
            40.30170927787015,
            43.635019790529896,
            44.92990111111512,
            47.59341607295805,
            48.2688093024799,
            49.84013935108593,
            50.79088065096106,
            51.866493115100724,
            52.970415309805254,
            53.791235359816,
            54.15344685546969,
            55.30603805693801,
            56.6427189647221,
            56.983176210064904,
            58.15327902873097,
            59.15790093484975,
            59.04945780882189,
            60.77426343691052
        ],
        "rmse_per_horizon": [
            30.202747143648146,
            39.72889727514248,
            47.92566548470922,
            54.12292152604839,
            58.446068635758685,
            62.52475324322478,
            65.57830002538078,
            69.51027110254488,
            71.11505128861756,
            75.1143519987396,
            76.0757522608525,
            77.5594614482473,
            78.27007066808535,
            79.92400860695741,
            80.36212595741611,
            81.4219606479571,
            82.08694775856367,
            82.97924102147569,
            83.84169934341138,
            84.74148258424216,
            86.0538251845003,
            87.68903580687817,
            86.79626704465096,
            88.7688955326319
        ],
        "r2_per_horizon": [
            0.914262391986548,
            0.8516554220874284,
            0.784145277349651,
            0.7247285296696914,
            0.6790188075332357,
            0.6326879735813428,
            0.5959799422305665,
            0.5461323050090297,
            0.5250008808033743,
            0.47013882721294087,
            0.4565419394848892,
            0.4352084665003646,
            0.4248842702312896,
            0.4004053551237424,
            0.3938995314860201,
            0.3778736567661567,
            0.3677303367702257,
            0.3539587758436763,
            0.34053881707801426,
            0.3263951012289492,
            0.3054340329205074,
            0.2788540697097692,
            0.2935461038227445,
            0.2611564012217127
        ]
    }
}