{
    "model": "lstm",
    "params": {
        "seed": 42,
        "window_size": 48,
        "horizon": 24,
        "lstm_units": 64,
        "learning_rate": 0.001,
        "dropout": 0.2,
        "l2_strength": 0.0,
        "epochs": 30,
        "batch_size": 32,
        "patience": 5,
        "train_size": 0.7,
        "val_size": 0.15
    },
    "validation_metrics": {
        "mae": 39.73218380616721,
        "rmse": 64.78887963874602,
        "r2": 0.4603752240006802,
        "mae_per_horizon": [
            15.56267828270319,
            19.533159164459665,
            23.332014544622346,
            26.804625466417132,
            29.830454438936275,
            31.8318481558385,
            34.1656686831018,
            36.07834257154301,
            37.71822500394578,
            39.20273364544214,
            40.94622728907004,
            42.18884283179009,
            42.70774224444026,
            44.109147490786725,
            45.62536825741341,
            46.54174454737505,
            47.104443747589734,
            47.77905292643313,
            49.357892535053985,
            49.54273325869931,
            50.36677703776717,
            50.23978765788715,
            51.022087415488244,
            51.980814151208875
        ],
        "rmse_per_horizon": [
            27.970168208929156,
            35.95811782997395,
            42.92355335256867,
            48.19126563038826,
            52.34588274559122,
            55.05446257548086,
            58.67220052207567,
            60.46633331998872,
            62.32890024724439,
            63.924657595784836,
            65.2698546970319,
            66.45740067729446,
            67.68390258356546,
            69.52424820851095,
            70.32801904258444,
            71.63819445712898,
            72.55034511363584,
            73.47873441640199,
            75.07574140734114,
            74.99868613502605,
            76.16763256236757,
            76.13857085390073,
            76.84991350646506,
            77.8678711780169
        ],
        "r2_per_horizon": [
            0.9006598115926797,
            0.8357962404983582,
            0.7658367158638004,
            0.7045090710919357,
            0.6506937672357351,
            0.612741327602788,
            0.5594052575884239,
            0.5311572220181905,
            0.5010623758424361,
            0.4745753169216187,
            0.4516313320711063,
            0.4309800509133419,
            0.4092501479486125,
            0.37635549399019097,
            0.36166657408214364,
            0.3374967903897719,
            0.3203927160277982,
            0.3027130165999711,
            0.27164109000127856,
            0.27267160702053006,
            0.24923522569239298,
            0.24913445614939,
            0.2345417979176997,
            0.21362508460555119
        ]
    },
    "test_metrics": {
        "mae": 46.05227707959201,
        "rmse": 74.200433710092,
        "r2": 0.48311098671406083,
        "mae_per_horizon": [
            17.63173732623145,
            22.976345426343578,
            27.70947647554483,
            31.523706877810618,
            35.19413649303579,
            37.938974677867385,
            40.94647613025345,
            42.70062761101495,
            44.3956848947939,
            46.18922549090155,
            47.570420093815734,
            48.81866025355533,
            49.79615629953005,
            50.966433415456095,
            51.87532128735093,
            52.727731700668585,
            53.6333506572787,
            54.81617436286778,
            55.72472693681671,
            56.67238029217899,
            57.54863627298325,
            58.43106841563455,
            59.40867573173318,
            60.05852278654091
        ],
        "rmse_per_horizon": [
            30.87497912613733,
            40.10684573345106,
            47.91877056836999,
            53.38526880184856,
            58.57401836789905,
            62.83310384753943,
            67.42127246935625,
            69.50017902852963,
            71.55256608768971,
            74.08469467125923,
            75.19472469292974,
            76.6616105010951,
            78.43033650374639,
            79.91610465116386,
            80.43191710057798,
            81.54924579116206,
            82.7162146015926,
            83.93223014533555,
            84.95995139630453,
            85.68975943977247,
            87.36510175332148,
            87.97365127221995,
            89.24960882174409,
            89.9555259507322
        ],
        "r2_per_horizon": [
            0.9104033411331872,
            0.8488195371547255,
            0.7842073815762896,
            0.7321808624805809,
            0.6776118895644074,
            0.6290561266305553,
            0.5729521817033953,
            0.5462640879465263,
            0.5191383126401684,
            0.48456579323762194,
            0.4690565459631688,
            0.4482091615324514,
            0.42252664445298216,
            0.40052394114847945,
            0.3928463285711573,
            0.3759270237928568,
            0.3579994029460206,
            0.33903442519488936,
            0.3228301657796141,
            0.3112351612792892,
            0.28410535504561063,
            0.27416517388284956,
            0.25304511375705796,
            0.24127118768342692
        ]
    }
}